Lower Bound,Upper Bound
552.4465421280515,13673.051912130193
