Min,Max,Median,Average
2.33224599363e-07,828531.701207,26.2941997615,2113.693505442724
